"0","# Load Dylan's functions"
"0","source(""R/calculate.R"")"
"0",""
"0","# Manually simulate parsed CLI arguments"
"0","args <- list("
"0","  input = ""C:\\Users\\lixz3\\Desktop\\Internship\\QC\\Dataset\\NanoMB1Rep1_HJK2GDSX3_CGGCTAAT-CTCGTTCT_L001.txt"","
"0","  output = ""C:\\Users\\lixz3\\Desktop\\Internship\\Results\\sample_metrics.csv"","
"0","  verbose = TRUE"
"0",")"
"0",""
"0","# Now you can safely call process_data()"
"0","result <- process_data(args$input, args$output)"
"0",""
"0","print(result)"
"1","$success
"
"1","[1]"
"1"," TRUE"
"1","
"
"1","
"
